Mongo Object Id,Database Name,collection name,Upsert time
"""635232472e9ae06c35124469""",NSE-SBIN-EQ,2022-10-21,107:22:16 AM
"""635232482e9ae06c3512446a""",NSE-SBIN-EQ,2022-10-21,107:22:16 AM
"""635232482e9ae06c3512446b""",NSE-ONGC-EQ,2022-10-21,107:22:16 AM
"""635232492e9ae06c3512446c""",NSE-SBIN-EQ,2022-10-21,107:22:16 AM
"""6352324a2e9ae06c3512446d""",NSE-SBIN-EQ,2022-10-21,107:22:16 AM
"""6352324b2e9ae06c3512446e""",NSE-ONGC-EQ,2022-10-21,107:22:16 AM
"""6352324b2e9ae06c3512446f""",NSE-SBIN-EQ,2022-10-21,107:22:16 AM
"""6352324c2e9ae06c35124470""",NSE-SBIN-EQ,2022-10-21,107:22:16 AM
"""6352324d2e9ae06c35124471""",NSE-ONGC-EQ,2022-10-21,107:22:16 AM
"""6352324e2e9ae06c35124472""",NSE-SBIN-EQ,2022-10-21,107:22:16 AM
"""6352324e2e9ae06c35124473""",NSE-SBIN-EQ,2022-10-21,107:22:16 AM
"""6352324f2e9ae06c35124474""",NSE-SBIN-EQ,2022-10-21,107:22:16 AM
"""6352324f2e9ae06c35124475""",NSE-ONGC-EQ,2022-10-21,107:22:16 AM
"""635232502e9ae06c35124476""",NSE-SBIN-EQ,2022-10-21,107:22:16 AM
"""635232512e9ae06c35124477""",NSE-SBIN-EQ,2022-10-21,107:22:16 AM
"""635232522e9ae06c35124478""",NSE-ONGC-EQ,2022-10-21,107:22:16 AM
"""635232522e9ae06c35124479""",NSE-SBIN-EQ,2022-10-21,107:22:16 AM
"""635232542e9ae06c3512447a""",NSE-SBIN-EQ,2022-10-21,107:22:17 AM
"""635232552e9ae06c3512447b""",NSE-ONGC-EQ,2022-10-21,107:22:17 AM
"""635232552e9ae06c3512447c""",NSE-SBIN-EQ,2022-10-21,107:22:17 AM
"""635232572e9ae06c3512447d""",NSE-SBIN-EQ,2022-10-21,107:22:17 AM
"""635232572e9ae06c3512447e""",NSE-ONGC-EQ,2022-10-21,107:22:17 AM
"""635232582e9ae06c3512447f""",NSE-SBIN-EQ,2022-10-21,107:22:17 AM
"""635232582e9ae06c35124480""",NSE-SBIN-EQ,2022-10-21,107:22:17 AM
"""6352325a2e9ae06c35124481""",NSE-ONGC-EQ,2022-10-21,107:22:17 AM
"""6352325a2e9ae06c35124482""",NSE-SBIN-EQ,2022-10-21,107:22:17 AM
"""6352325b2e9ae06c35124483""",NSE-SBIN-EQ,2022-10-21,107:22:17 AM
"""6352325c2e9ae06c35124484""",NSE-SBIN-EQ,2022-10-21,107:22:17 AM
"""6352325c2e9ae06c35124485""",NSE-ONGC-EQ,2022-10-21,107:22:17 AM
"""6352325d2e9ae06c35124486""",NSE-SBIN-EQ,2022-10-21,107:22:17 AM
"""6352325e2e9ae06c35124487""",NSE-SBIN-EQ,2022-10-21,107:22:17 AM
"""6352325f2e9ae06c35124488""",NSE-ONGC-EQ,2022-10-21,107:22:17 AM
"""635232602e9ae06c35124489""",NSE-SBIN-EQ,2022-10-21,107:22:17 AM
"""635232612e9ae06c3512448a""",NSE-ONGC-EQ,2022-10-21,107:22:17 AM
"""635232612e9ae06c3512448b""",NSE-SBIN-EQ,2022-10-21,107:22:17 AM
"""635232622e9ae06c3512448c""",NSE-SBIN-EQ,2022-10-21,107:22:17 AM
"""635232622e9ae06c3512448d""",NSE-ONGC-EQ,2022-10-21,107:22:17 AM
"""635232632e9ae06c3512448e""",NSE-SBIN-EQ,2022-10-21,107:22:17 AM
"""635232642e9ae06c3512448f""",NSE-SBIN-EQ,2022-10-21,107:22:17 AM
"""635232652e9ae06c35124490""",NSE-ONGC-EQ,2022-10-21,107:22:17 AM
"""635232662e9ae06c35124491""",NSE-SBIN-EQ,2022-10-21,107:22:17 AM
"""635232662e9ae06c35124492""",NSE-SBIN-EQ,2022-10-21,107:22:17 AM
"""635232672e9ae06c35124493""",NSE-SBIN-EQ,2022-10-21,107:22:17 AM
"""635232672e9ae06c35124494""",NSE-ONGC-EQ,2022-10-21,107:22:17 AM
"""635232682e9ae06c35124495""",NSE-SBIN-EQ,2022-10-21,107:22:17 AM
"""635232692e9ae06c35124496""",NSE-SBIN-EQ,2022-10-21,107:22:17 AM
"""6352326a2e9ae06c35124497""",NSE-ONGC-EQ,2022-10-21,107:22:17 AM
"""6352326a2e9ae06c35124498""",NSE-SBIN-EQ,2022-10-21,107:22:17 AM
"""6352326b2e9ae06c35124499""",NSE-SBIN-EQ,2022-10-21,107:22:17 AM
"""6352326c2e9ae06c3512449a""",NSE-ONGC-EQ,2022-10-21,107:22:17 AM
"""6352326c2e9ae06c3512449b""",NSE-SBIN-EQ,2022-10-21,107:22:17 AM
"""6352326d2e9ae06c3512449c""",NSE-SBIN-EQ,2022-10-21,107:22:17 AM
"""6352326f2e9ae06c3512449d""",NSE-SBIN-EQ,2022-10-21,107:22:17 AM
"""635232702e9ae06c3512449e""",NSE-ONGC-EQ,2022-10-21,107:22:17 AM
"""635232712e9ae06c3512449f""",NSE-SBIN-EQ,2022-10-21,107:22:17 AM
"""635232722e9ae06c351244a0""",NSE-ONGC-EQ,2022-10-21,107:22:17 AM
"""635232732e9ae06c351244a1""",NSE-SBIN-EQ,2022-10-21,107:22:17 AM
"""635232732e9ae06c351244a2""",NSE-SBIN-EQ,2022-10-21,107:22:17 AM
"""635232742e9ae06c351244a3""",NSE-SBIN-EQ,2022-10-21,107:22:17 AM
"""635232752e9ae06c351244a4""",NSE-SBIN-EQ,2022-10-21,107:22:17 AM
"""635232762e9ae06c351244a5""",NSE-SBIN-EQ,2022-10-21,107:22:17 AM
"""635232772e9ae06c351244a6""",NSE-SBIN-EQ,2022-10-21,107:22:17 AM
"""635232772e9ae06c351244a7""",NSE-ONGC-EQ,2022-10-21,107:22:17 AM
"""635232782e9ae06c351244a8""",NSE-SBIN-EQ,2022-10-21,107:22:17 AM
"""635232792e9ae06c351244a9""",NSE-SBIN-EQ,2022-10-21,107:22:17 AM
"""6352327a2e9ae06c351244aa""",NSE-SBIN-EQ,2022-10-21,107:22:17 AM
"""6352327b2e9ae06c351244ab""",NSE-SBIN-EQ,2022-10-21,107:22:17 AM
"""6352327c2e9ae06c351244ac""",NSE-ONGC-EQ,2022-10-21,107:22:17 AM
"""6352327c2e9ae06c351244ad""",NSE-SBIN-EQ,2022-10-21,107:22:17 AM
"""6352327d2e9ae06c351244ae""",NSE-SBIN-EQ,2022-10-21,107:22:17 AM
"""6352327e2e9ae06c351244af""",NSE-ONGC-EQ,2022-10-21,107:22:17 AM
"""6352327f2e9ae06c351244b0""",NSE-SBIN-EQ,2022-10-21,107:22:17 AM
"""635232802e9ae06c351244b1""",NSE-ONGC-EQ,2022-10-21,107:22:17 AM
"""635232802e9ae06c351244b2""",NSE-SBIN-EQ,2022-10-21,107:22:17 AM
"""635232812e9ae06c351244b3""",NSE-SBIN-EQ,2022-10-21,107:22:17 AM
"""635232822e9ae06c351244b4""",NSE-ONGC-EQ,2022-10-21,107:22:17 AM
"""635232832e9ae06c351244b5""",NSE-SBIN-EQ,2022-10-21,107:22:17 AM
"""635232842e9ae06c351244b6""",NSE-SBIN-EQ,2022-10-21,107:22:17 AM
"""635232842e9ae06c351244b7""",NSE-SBIN-EQ,2022-10-21,107:22:17 AM
"""635232842e9ae06c351244b8""",NSE-ONGC-EQ,2022-10-21,107:22:17 AM
"""635232852e9ae06c351244b9""",NSE-SBIN-EQ,2022-10-21,107:22:17 AM
"""635232862e9ae06c351244ba""",NSE-SBIN-EQ,2022-10-21,107:22:17 AM
"""635232872e9ae06c351244bb""",NSE-ONGC-EQ,2022-10-21,107:22:17 AM
"""635232882e9ae06c351244bc""",NSE-SBIN-EQ,2022-10-21,107:22:17 AM
"""635232892e9ae06c351244bd""",NSE-ONGC-EQ,2022-10-21,107:22:17 AM
"""635232892e9ae06c351244be""",NSE-SBIN-EQ,2022-10-21,107:22:17 AM
"""6352328a2e9ae06c351244bf""",NSE-SBIN-EQ,2022-10-21,107:22:17 AM
"""6352328b2e9ae06c351244c0""",NSE-SBIN-EQ,2022-10-21,107:22:17 AM
"""6352328c2e9ae06c351244c1""",NSE-ONGC-EQ,2022-10-21,107:22:17 AM
"""6352328d2e9ae06c351244c2""",NSE-SBIN-EQ,2022-10-21,107:22:17 AM
"""6352328e2e9ae06c351244c3""",NSE-SBIN-EQ,2022-10-21,107:22:17 AM
"""6352328f2e9ae06c351244c4""",NSE-ONGC-EQ,2022-10-21,107:22:17 AM
"""6352328f2e9ae06c351244c5""",NSE-SBIN-EQ,2022-10-21,107:22:17 AM
"""635232902e9ae06c351244c6""",NSE-SBIN-EQ,2022-10-21,107:22:18 AM
"""635232912e9ae06c351244c7""",NSE-ONGC-EQ,2022-10-21,107:22:18 AM
"""635232912e9ae06c351244c8""",NSE-SBIN-EQ,2022-10-21,107:22:18 AM
"""635232932e9ae06c351244c9""",NSE-SBIN-EQ,2022-10-21,107:22:18 AM
"""635232932e9ae06c351244ca""",NSE-ONGC-EQ,2022-10-21,107:22:18 AM
"""635232942e9ae06c351244cb""",NSE-SBIN-EQ,2022-10-21,107:22:18 AM
"""635232942e9ae06c351244cc""",NSE-SBIN-EQ,2022-10-21,107:22:18 AM
"""635232952e9ae06c351244cd""",NSE-SBIN-EQ,2022-10-21,107:22:18 AM
"""635232962e9ae06c351244ce""",NSE-ONGC-EQ,2022-10-21,107:22:18 AM
"""635232962e9ae06c351244cf""",NSE-SBIN-EQ,2022-10-21,107:22:18 AM
"""635232972e9ae06c351244d0""",NSE-SBIN-EQ,2022-10-21,107:22:18 AM
"""635232982e9ae06c351244d1""",NSE-ONGC-EQ,2022-10-21,107:22:18 AM
"""635232992e9ae06c351244d2""",NSE-SBIN-EQ,2022-10-21,107:22:18 AM
"""6352329a2e9ae06c351244d3""",NSE-SBIN-EQ,2022-10-21,107:22:18 AM
"""6352329b2e9ae06c351244d4""",NSE-ONGC-EQ,2022-10-21,107:22:18 AM
"""6352329b2e9ae06c351244d5""",NSE-SBIN-EQ,2022-10-21,107:22:18 AM
"""6352329b2e9ae06c351244d6""",NSE-SBIN-EQ,2022-10-21,107:22:18 AM
"""6352329c2e9ae06c351244d7""",NSE-SBIN-EQ,2022-10-21,107:22:18 AM
"""6352329d2e9ae06c351244d8""",NSE-ONGC-EQ,2022-10-21,107:22:18 AM
"""6352329d2e9ae06c351244d9""",NSE-SBIN-EQ,2022-10-21,107:22:18 AM
"""6352329f2e9ae06c351244da""",NSE-SBIN-EQ,2022-10-21,107:22:18 AM
"""6352329f2e9ae06c351244db""",NSE-ONGC-EQ,2022-10-21,107:22:18 AM
"""635232a02e9ae06c351244dc""",NSE-SBIN-EQ,2022-10-21,107:22:18 AM
"""635232a02e9ae06c351244dd""",NSE-SBIN-EQ,2022-10-21,107:22:18 AM
"""635232a12e9ae06c351244de""",NSE-SBIN-EQ,2022-10-21,107:22:18 AM
"""635232a22e9ae06c351244df""",NSE-ONGC-EQ,2022-10-21,107:22:18 AM
"""635232a22e9ae06c351244e0""",NSE-SBIN-EQ,2022-10-21,107:22:18 AM
"""635232a32e9ae06c351244e1""",NSE-SBIN-EQ,2022-10-21,107:22:18 AM
"""635232a42e9ae06c351244e2""",NSE-ONGC-EQ,2022-10-21,107:22:18 AM
"""635232a42e9ae06c351244e3""",NSE-SBIN-EQ,2022-10-21,107:22:18 AM
"""635232a52e9ae06c351244e4""",NSE-SBIN-EQ,2022-10-21,107:22:18 AM
"""635232a62e9ae06c351244e5""",NSE-SBIN-EQ,2022-10-21,107:22:18 AM
"""635232a72e9ae06c351244e6""",NSE-ONGC-EQ,2022-10-21,107:22:18 AM
"""635232a82e9ae06c351244e7""",NSE-SBIN-EQ,2022-10-21,107:22:18 AM
"""635232a92e9ae06c351244e8""",NSE-SBIN-EQ,2022-10-21,107:22:18 AM
"""635232aa2e9ae06c351244e9""",NSE-SBIN-EQ,2022-10-21,107:22:18 AM
"""635232aa2e9ae06c351244ea""",NSE-ONGC-EQ,2022-10-21,107:22:18 AM
"""635232ab2e9ae06c351244eb""",NSE-SBIN-EQ,2022-10-21,107:22:18 AM
"""635232ac2e9ae06c351244ec""",NSE-SBIN-EQ,2022-10-21,107:22:18 AM
"""635232ad2e9ae06c351244ed""",NSE-ONGC-EQ,2022-10-21,107:22:18 AM
"""635232ad2e9ae06c351244ee""",NSE-SBIN-EQ,2022-10-21,107:22:18 AM
"""635232af2e9ae06c351244ef""",NSE-SBIN-EQ,2022-10-21,107:22:18 AM
"""635232b02e9ae06c351244f0""",NSE-ONGC-EQ,2022-10-21,107:22:18 AM
"""635232b02e9ae06c351244f1""",NSE-SBIN-EQ,2022-10-21,107:22:18 AM
"""635232b12e9ae06c351244f2""",NSE-SBIN-EQ,2022-10-21,107:22:18 AM
"""635232b12e9ae06c351244f3""",NSE-SBIN-EQ,2022-10-21,107:22:18 AM
"""635232b22e9ae06c351244f4""",NSE-ONGC-EQ,2022-10-21,107:22:18 AM
"""635232b22e9ae06c351244f5""",NSE-SBIN-EQ,2022-10-21,107:22:18 AM
"""635232b32e9ae06c351244f6""",NSE-SBIN-EQ,2022-10-21,107:22:18 AM
"""635232b42e9ae06c351244f7""",NSE-SBIN-EQ,2022-10-21,107:22:18 AM
"""635232b52e9ae06c351244f8""",NSE-ONGC-EQ,2022-10-21,107:22:18 AM
"""635232b52e9ae06c351244f9""",NSE-SBIN-EQ,2022-10-21,107:22:18 AM
"""635232b62e9ae06c351244fa""",NSE-SBIN-EQ,2022-10-21,107:22:18 AM
"""635232b72e9ae06c351244fb""",NSE-ONGC-EQ,2022-10-21,107:22:18 AM
"""635232b72e9ae06c351244fc""",NSE-SBIN-EQ,2022-10-21,107:22:18 AM
"""635232b82e9ae06c351244fd""",NSE-SBIN-EQ,2022-10-21,107:22:18 AM
"""635232b92e9ae06c351244fe""",NSE-ONGC-EQ,2022-10-21,107:22:18 AM
"""635232bb2e9ae06c351244ff""",NSE-SBIN-EQ,2022-10-21,107:22:18 AM
"""635232bb2e9ae06c35124500""",NSE-ONGC-EQ,2022-10-21,107:22:18 AM
"""635232bc2e9ae06c35124501""",NSE-SBIN-EQ,2022-10-21,107:22:18 AM
"""635232bc2e9ae06c35124502""",NSE-SBIN-EQ,2022-10-21,107:22:18 AM
"""635232be2e9ae06c35124503""",NSE-ONGC-EQ,2022-10-21,107:22:18 AM
"""635232be2e9ae06c35124504""",NSE-SBIN-EQ,2022-10-21,107:22:18 AM
"""635232bf2e9ae06c35124505""",NSE-SBIN-EQ,2022-10-21,107:22:18 AM
"""635232c02e9ae06c35124506""",NSE-SBIN-EQ,2022-10-21,107:22:18 AM
"""635232c02e9ae06c35124507""",NSE-ONGC-EQ,2022-10-21,107:22:18 AM
"""635232c12e9ae06c35124508""",NSE-SBIN-EQ,2022-10-21,107:22:18 AM
"""635232c22e9ae06c35124509""",NSE-ONGC-EQ,2022-10-21,107:22:18 AM
"""635232c32e9ae06c3512450a""",NSE-SBIN-EQ,2022-10-21,107:22:18 AM
"""635232c32e9ae06c3512450b""",NSE-SBIN-EQ,2022-10-21,107:22:18 AM
"""635232c42e9ae06c3512450c""",NSE-ONGC-EQ,2022-10-21,107:22:18 AM
"""635232c42e9ae06c3512450d""",NSE-SBIN-EQ,2022-10-21,107:22:18 AM
"""635232c52e9ae06c3512450e""",NSE-SBIN-EQ,2022-10-21,107:22:18 AM
"""635232c62e9ae06c3512450f""",NSE-ONGC-EQ,2022-10-21,107:22:18 AM
"""635232c72e9ae06c35124510""",NSE-SBIN-EQ,2022-10-21,107:22:18 AM
"""635232c82e9ae06c35124511""",NSE-SBIN-EQ,2022-10-21,107:22:18 AM
"""635232c82e9ae06c35124512""",NSE-ONGC-EQ,2022-10-21,107:22:18 AM
"""635232c82e9ae06c35124513""",NSE-SBIN-EQ,2022-10-21,107:22:18 AM
"""635232ca2e9ae06c35124514""",NSE-SBIN-EQ,2022-10-21,107:22:18 AM
"""635232ca2e9ae06c35124515""",NSE-SBIN-EQ,2022-10-21,107:22:18 AM
"""635232cb2e9ae06c35124516""",NSE-ONGC-EQ,2022-10-21,107:22:18 AM
"""635232cb2e9ae06c35124517""",NSE-SBIN-EQ,2022-10-21,107:22:18 AM
"""635232cd2e9ae06c35124518""",NSE-SBIN-EQ,2022-10-21,107:22:19 AM
"""635232cd2e9ae06c35124519""",NSE-ONGC-EQ,2022-10-21,107:22:19 AM
"""635232ce2e9ae06c3512451a""",NSE-SBIN-EQ,2022-10-21,107:22:19 AM
"""635232cf2e9ae06c3512451b""",NSE-SBIN-EQ,2022-10-21,107:22:19 AM
"""635232cf2e9ae06c3512451c""",NSE-SBIN-EQ,2022-10-21,107:22:19 AM
"""635232d02e9ae06c3512451d""",NSE-ONGC-EQ,2022-10-21,107:22:19 AM
"""635232d12e9ae06c3512451e""",NSE-SBIN-EQ,2022-10-21,107:22:19 AM
"""635232d22e9ae06c3512451f""",NSE-ONGC-EQ,2022-10-21,107:22:19 AM
"""635232d32e9ae06c35124520""",NSE-SBIN-EQ,2022-10-21,107:22:19 AM
"""635232d32e9ae06c35124521""",NSE-SBIN-EQ,2022-10-21,107:22:19 AM
"""635232d52e9ae06c35124522""",NSE-ONGC-EQ,2022-10-21,107:22:19 AM
"""635232d52e9ae06c35124523""",NSE-SBIN-EQ,2022-10-21,107:22:19 AM
"""635232d62e9ae06c35124524""",NSE-SBIN-EQ,2022-10-21,107:22:19 AM
"""635232d72e9ae06c35124525""",NSE-ONGC-EQ,2022-10-21,107:22:19 AM
"""635232d92e9ae06c35124526""",NSE-SBIN-EQ,2022-10-21,107:22:19 AM
"""635232da2e9ae06c35124527""",NSE-SBIN-EQ,2022-10-21,107:22:19 AM
"""635232db2e9ae06c35124528""",NSE-SBIN-EQ,2022-10-21,107:22:19 AM
"""635232dc2e9ae06c35124529""",NSE-ONGC-EQ,2022-10-21,107:22:19 AM
"""635232dc2e9ae06c3512452a""",NSE-SBIN-EQ,2022-10-21,107:22:19 AM
"""635232df2e9ae06c3512452b""",NSE-ONGC-EQ,2022-10-21,107:22:19 AM
"""635232e02e9ae06c3512452c""",NSE-SBIN-EQ,2022-10-21,107:22:19 AM
"""635232e12e9ae06c3512452d""",NSE-SBIN-EQ,2022-10-21,107:22:19 AM
"""635232e12e9ae06c3512452e""",NSE-ONGC-EQ,2022-10-21,107:22:19 AM
"""635232e22e9ae06c3512452f""",NSE-SBIN-EQ,2022-10-21,107:22:19 AM
"""635232e42e9ae06c35124530""",NSE-SBIN-EQ,2022-10-21,107:22:19 AM
"""635232e42e9ae06c35124531""",NSE-ONGC-EQ,2022-10-21,107:22:19 AM
"""635232e62e9ae06c35124532""",NSE-ONGC-EQ,2022-10-21,107:22:19 AM
"""635232e72e9ae06c35124533""",NSE-SBIN-EQ,2022-10-21,107:22:19 AM
"""635232e82e9ae06c35124534""",NSE-SBIN-EQ,2022-10-21,107:22:19 AM
"""635232e92e9ae06c35124535""",NSE-SBIN-EQ,2022-10-21,107:22:19 AM
"""635232ea2e9ae06c35124536""",NSE-ONGC-EQ,2022-10-21,107:22:19 AM
"""635232ec2e9ae06c35124537""",NSE-SBIN-EQ,2022-10-21,107:22:19 AM
"""635232ec2e9ae06c35124538""",NSE-SBIN-EQ,2022-10-21,107:22:19 AM
"""635232ed2e9ae06c35124539""",NSE-ONGC-EQ,2022-10-21,107:22:19 AM
"""635232ee2e9ae06c3512453a""",NSE-SBIN-EQ,2022-10-21,107:22:19 AM
"""635232ef2e9ae06c3512453b""",NSE-ONGC-EQ,2022-10-21,107:22:19 AM
"""635232ef2e9ae06c3512453c""",NSE-SBIN-EQ,2022-10-21,107:22:19 AM
"""635232f12e9ae06c3512453d""",NSE-ONGC-EQ,2022-10-21,107:22:19 AM
"""635232f12e9ae06c3512453e""",NSE-SBIN-EQ,2022-10-21,107:22:19 AM
"""635232f22e9ae06c3512453f""",NSE-SBIN-EQ,2022-10-21,107:22:19 AM
"""635232f32e9ae06c35124540""",NSE-ONGC-EQ,2022-10-21,107:22:19 AM
"""635232f52e9ae06c35124541""",NSE-ONGC-EQ,2022-10-21,107:22:19 AM
"""635232f52e9ae06c35124542""",NSE-SBIN-EQ,2022-10-21,107:22:19 AM
"""635232f82e9ae06c35124543""",NSE-ONGC-EQ,2022-10-21,107:22:19 AM
"""635232f92e9ae06c35124544""",NSE-SBIN-EQ,2022-10-21,107:22:19 AM
"""635232fa2e9ae06c35124545""",NSE-ONGC-EQ,2022-10-21,107:22:19 AM
"""635232fa2e9ae06c35124546""",NSE-SBIN-EQ,2022-10-21,107:22:19 AM
"""635232fc2e9ae06c35124547""",NSE-ONGC-EQ,2022-10-21,107:22:19 AM
"""635232fe2e9ae06c35124548""",NSE-SBIN-EQ,2022-10-21,107:22:19 AM
"""635232fe2e9ae06c35124549""",NSE-ONGC-EQ,2022-10-21,107:22:19 AM
"""635232ff2e9ae06c3512454a""",NSE-SBIN-EQ,2022-10-21,107:22:19 AM
"""635233002e9ae06c3512454b""",NSE-SBIN-EQ,2022-10-21,107:22:19 AM
"""635233012e9ae06c3512454c""",NSE-ONGC-EQ,2022-10-21,107:22:19 AM
"""635233012e9ae06c3512454d""",NSE-SBIN-EQ,2022-10-21,107:22:19 AM
"""635233022e9ae06c3512454e""",NSE-SBIN-EQ,2022-10-21,107:22:19 AM
"""635233032e9ae06c3512454f""",NSE-ONGC-EQ,2022-10-21,107:22:19 AM
"""635233052e9ae06c35124550""",NSE-SBIN-EQ,2022-10-21,107:22:19 AM
"""635233052e9ae06c35124551""",NSE-ONGC-EQ,2022-10-21,107:22:19 AM
"""635233062e9ae06c35124552""",NSE-SBIN-EQ,2022-10-21,107:22:19 AM
"""635233072e9ae06c35124553""",NSE-ONGC-EQ,2022-10-21,107:22:19 AM
"""6352330a2e9ae06c35124554""",NSE-ONGC-EQ,2022-10-21,107:22:20 AM
"""6352330a2e9ae06c35124555""",NSE-SBIN-EQ,2022-10-21,107:22:20 AM
"""6352330c2e9ae06c35124556""",NSE-ONGC-EQ,2022-10-21,107:22:20 AM
"""6352330c2e9ae06c35124557""",NSE-SBIN-EQ,2022-10-21,107:22:20 AM
"""6352330c2e9ae06c35124558""",NSE-SBIN-EQ,2022-10-21,107:22:20 AM
"""6352330d2e9ae06c35124559""",NSE-SBIN-EQ,2022-10-21,107:22:20 AM
"""6352330e2e9ae06c3512455a""",NSE-ONGC-EQ,2022-10-21,107:22:20 AM
"""635233102e9ae06c3512455b""",NSE-SBIN-EQ,2022-10-21,107:22:20 AM
"""635233102e9ae06c3512455c""",NSE-SBIN-EQ,2022-10-21,107:22:20 AM
"""635233112e9ae06c3512455d""",NSE-ONGC-EQ,2022-10-21,107:22:20 AM
"""635233122e9ae06c3512455e""",NSE-SBIN-EQ,2022-10-21,107:22:20 AM
"""635233122e9ae06c3512455f""",NSE-SBIN-EQ,2022-10-21,107:22:20 AM
"""635233132e9ae06c35124560""",NSE-ONGC-EQ,2022-10-21,107:22:20 AM
"""635233132e9ae06c35124561""",NSE-SBIN-EQ,2022-10-21,107:22:20 AM
"""635233162e9ae06c35124562""",NSE-ONGC-EQ,2022-10-21,107:22:20 AM
"""635233172e9ae06c35124563""",NSE-SBIN-EQ,2022-10-21,107:22:20 AM
"""635233182e9ae06c35124564""",NSE-ONGC-EQ,2022-10-21,107:22:20 AM
"""635233182e9ae06c35124565""",NSE-SBIN-EQ,2022-10-21,107:22:20 AM
"""635233192e9ae06c35124566""",NSE-SBIN-EQ,2022-10-21,107:22:20 AM
"""6352331a2e9ae06c35124567""",NSE-ONGC-EQ,2022-10-21,107:22:20 AM
"""6352331c2e9ae06c35124568""",NSE-ONGC-EQ,2022-10-21,107:22:20 AM
"""6352331d2e9ae06c35124569""",NSE-SBIN-EQ,2022-10-21,107:22:20 AM
"""6352331e2e9ae06c3512456a""",NSE-SBIN-EQ,2022-10-21,107:22:20 AM
"""6352331e2e9ae06c3512456b""",NSE-ONGC-EQ,2022-10-21,107:22:20 AM
"""6352331f2e9ae06c3512456c""",NSE-SBIN-EQ,2022-10-21,107:22:20 AM
"""635233202e9ae06c3512456d""",NSE-ONGC-EQ,2022-10-21,107:22:20 AM
"""635233202e9ae06c3512456e""",NSE-SBIN-EQ,2022-10-21,107:22:20 AM
"""635233222e9ae06c3512456f""",NSE-ONGC-EQ,2022-10-21,107:22:20 AM
"""635233232e9ae06c35124570""",NSE-SBIN-EQ,2022-10-21,107:22:20 AM
"""635233232e9ae06c35124571""",NSE-SBIN-EQ,2022-10-21,107:22:20 AM
"""635233252e9ae06c35124572""",NSE-ONGC-EQ,2022-10-21,107:22:20 AM
"""635233262e9ae06c35124573""",NSE-SBIN-EQ,2022-10-21,107:22:20 AM
"""635233272e9ae06c35124574""",NSE-SBIN-EQ,2022-10-21,107:22:20 AM
"""635233282e9ae06c35124575""",NSE-SBIN-EQ,2022-10-21,107:22:20 AM
"""635233292e9ae06c35124576""",NSE-SBIN-EQ,2022-10-21,107:22:20 AM
"""635233292e9ae06c35124577""",NSE-SBIN-EQ,2022-10-21,107:22:20 AM
"""6352332a2e9ae06c35124578""",NSE-ONGC-EQ,2022-10-21,107:22:20 AM
"""6352332a2e9ae06c35124579""",NSE-SBIN-EQ,2022-10-21,107:22:20 AM
"""6352332c2e9ae06c3512457a""",NSE-ONGC-EQ,2022-10-21,107:22:20 AM
"""6352332d2e9ae06c3512457b""",NSE-SBIN-EQ,2022-10-21,107:22:20 AM
"""6352332e2e9ae06c3512457c""",NSE-ONGC-EQ,2022-10-21,107:22:20 AM
"""6352332e2e9ae06c3512457d""",NSE-SBIN-EQ,2022-10-21,107:22:20 AM
"""635233312e9ae06c3512457e""",NSE-ONGC-EQ,2022-10-21,107:22:20 AM
"""635233312e9ae06c3512457f""",NSE-SBIN-EQ,2022-10-21,107:22:20 AM
"""635233322e9ae06c35124580""",NSE-SBIN-EQ,2022-10-21,107:22:20 AM
"""635233332e9ae06c35124581""",NSE-SBIN-EQ,2022-10-21,107:22:20 AM
"""635233332e9ae06c35124582""",NSE-ONGC-EQ,2022-10-21,107:22:20 AM
"""635233342e9ae06c35124583""",NSE-SBIN-EQ,2022-10-21,107:22:20 AM
"""635233352e9ae06c35124584""",NSE-SBIN-EQ,2022-10-21,107:22:20 AM
"""635233352e9ae06c35124585""",NSE-ONGC-EQ,2022-10-21,107:22:20 AM
"""635233352e9ae06c35124586""",NSE-SBIN-EQ,2022-10-21,107:22:20 AM
"""635233372e9ae06c35124587""",NSE-SBIN-EQ,2022-10-21,107:22:20 AM
"""635233382e9ae06c35124588""",NSE-ONGC-EQ,2022-10-21,107:22:20 AM
"""635233392e9ae06c35124589""",NSE-SBIN-EQ,2022-10-21,107:22:20 AM
"""6352333a2e9ae06c3512458a""",NSE-ONGC-EQ,2022-10-21,107:22:20 AM
"""6352333a2e9ae06c3512458b""",NSE-SBIN-EQ,2022-10-21,107:22:20 AM
"""6352333b2e9ae06c3512458c""",NSE-SBIN-EQ,2022-10-21,107:22:20 AM
"""6352333c2e9ae06c3512458d""",NSE-ONGC-EQ,2022-10-21,107:22:20 AM
"""6352333c2e9ae06c3512458e""",NSE-SBIN-EQ,2022-10-21,107:22:20 AM
"""6352333c2e9ae06c3512458f""",NSE-SBIN-EQ,2022-10-21,107:22:20 AM
"""6352333e2e9ae06c35124590""",NSE-ONGC-EQ,2022-10-21,107:22:20 AM
"""6352333e2e9ae06c35124591""",NSE-SBIN-EQ,2022-10-21,107:22:20 AM
"""635233402e9ae06c35124592""",NSE-SBIN-EQ,2022-10-21,107:22:20 AM
"""635233402e9ae06c35124593""",NSE-ONGC-EQ,2022-10-21,107:22:20 AM
"""635233412e9ae06c35124594""",NSE-SBIN-EQ,2022-10-21,107:22:20 AM
"""635233432e9ae06c35124595""",NSE-ONGC-EQ,2022-10-21,107:22:20 AM
"""635233432e9ae06c35124596""",NSE-SBIN-EQ,2022-10-21,107:22:20 AM
"""635233432e9ae06c35124597""",NSE-SBIN-EQ,2022-10-21,107:22:20 AM
"""635233442e9ae06c35124598""",NSE-SBIN-EQ,2022-10-21,107:22:21 AM
"""635233452e9ae06c35124599""",NSE-ONGC-EQ,2022-10-21,107:22:21 AM
"""635233452e9ae06c3512459a""",NSE-SBIN-EQ,2022-10-21,107:22:21 AM
"""635233472e9ae06c3512459b""",NSE-SBIN-EQ,2022-10-21,107:22:21 AM
"""635233482e9ae06c3512459c""",NSE-SBIN-EQ,2022-10-21,107:22:21 AM
"""635233482e9ae06c3512459d""",NSE-ONGC-EQ,2022-10-21,107:22:21 AM
"""635233492e9ae06c3512459e""",NSE-SBIN-EQ,2022-10-21,107:22:21 AM
"""6352334a2e9ae06c3512459f""",NSE-ONGC-EQ,2022-10-21,107:22:21 AM
"""6352334c2e9ae06c351245a0""",NSE-SBIN-EQ,2022-10-21,107:22:21 AM
"""6352334d2e9ae06c351245a1""",NSE-SBIN-EQ,2022-10-21,107:22:21 AM
"""6352334e2e9ae06c351245a2""",NSE-SBIN-EQ,2022-10-21,107:22:21 AM
"""6352334e2e9ae06c351245a3""",NSE-SBIN-EQ,2022-10-21,107:22:21 AM
"""635233502e9ae06c351245a4""",NSE-SBIN-EQ,2022-10-21,107:22:21 AM
"""635233522e9ae06c351245a5""",NSE-ONGC-EQ,2022-10-21,107:22:21 AM
"""635233532e9ae06c351245a6""",NSE-SBIN-EQ,2022-10-21,107:22:21 AM
"""635233542e9ae06c351245a7""",NSE-SBIN-EQ,2022-10-21,107:22:21 AM
"""635233542e9ae06c351245a8""",NSE-ONGC-EQ,2022-10-21,107:22:21 AM
"""635233552e9ae06c351245a9""",NSE-SBIN-EQ,2022-10-21,107:22:21 AM
"""635233562e9ae06c351245aa""",NSE-ONGC-EQ,2022-10-21,107:22:21 AM
"""635233582e9ae06c351245ab""",NSE-SBIN-EQ,2022-10-21,107:22:21 AM
"""635233592e9ae06c351245ac""",NSE-ONGC-EQ,2022-10-21,107:22:21 AM
"""635233592e9ae06c351245ad""",NSE-SBIN-EQ,2022-10-21,107:22:21 AM
"""6352335a2e9ae06c351245ae""",NSE-SBIN-EQ,2022-10-21,107:22:21 AM
"""6352335b2e9ae06c351245af""",NSE-SBIN-EQ,2022-10-21,107:22:21 AM
"""6352335e2e9ae06c351245b0""",NSE-SBIN-EQ,2022-10-21,107:22:21 AM
"""6352335e2e9ae06c351245b1""",NSE-ONGC-EQ,2022-10-21,107:22:21 AM
"""635233ce2e9ae06c351245b2""",NSE-SBIN-EQ,2022-10-21,107:22:23 AM
"""635233cf2e9ae06c351245b3""",NSE-ONGC-EQ,2022-10-21,107:22:23 AM
"""635233cf2e9ae06c351245b4""",NSE-SBIN-EQ,2022-10-21,107:22:23 AM
"""635233cf2e9ae06c351245b5""",NSE-SBIN-EQ,2022-10-21,107:22:23 AM
"""635233cf2e9ae06c351245b6""",NSE-ONGC-EQ,2022-10-21,107:22:23 AM
"""635233cf2e9ae06c351245b7""",NSE-SBIN-EQ,2022-10-21,107:22:23 AM
"""635233cf2e9ae06c351245b8""",NSE-SBIN-EQ,2022-10-21,107:22:23 AM
"""635233cf2e9ae06c351245b9""",NSE-SBIN-EQ,2022-10-21,107:22:23 AM
"""635233cf2e9ae06c351245ba""",NSE-ONGC-EQ,2022-10-21,107:22:23 AM
"""635233cf2e9ae06c351245bb""",NSE-SBIN-EQ,2022-10-21,107:22:23 AM
"""635233cf2e9ae06c351245bc""",NSE-SBIN-EQ,2022-10-21,107:22:23 AM
"""635233cf2e9ae06c351245bd""",NSE-SBIN-EQ,2022-10-21,107:22:23 AM
"""635233cf2e9ae06c351245be""",NSE-SBIN-EQ,2022-10-21,107:22:23 AM
"""635233cf2e9ae06c351245bf""",NSE-SBIN-EQ,2022-10-21,107:22:23 AM
"""635233cf2e9ae06c351245c0""",NSE-ONGC-EQ,2022-10-21,107:22:23 AM
"""635233cf2e9ae06c351245c1""",NSE-SBIN-EQ,2022-10-21,107:22:23 AM
Mongo Object Id,Database Name,collection name,Upsert time
Mongo Object Id,Database Name,collection name,Upsert time
